"CHROM","POS"
"Extended_Pcra_MMP20_Exon2_Ttru_924bp.fasta",189
"Extended_Pcra_MMP20_Exon2_Ttru_924bp.fasta",193
"Extended_Pcra_MMP20_Exon2_Ttru_924bp.fasta",194
"Extended_Pcra_MMP20_Exon2_Ttru_924bp.fasta",198
"Extended_Pcra_MMP20_Exon2_Ttru_924bp.fasta",199
"Extended_Pcra_MMP20_Exon2_Ttru_924bp.fasta",200
"Extended_Pcra_MMP20_Exon2_Ttru_924bp.fasta",201
"Extended_Pcra_MMP20_Exon2_Ttru_924bp.fasta",205
"Extended_Pcra_MMP20_Exon2_Ttru_924bp.fasta",208
"Extended_Pcra_MMP20_Exon2_Ttru_924bp.fasta",216
"Extended_Pcra_MMP20_Exon2_Ttru_924bp.fasta",218
"Extended_Pcra_MMP20_Exon2_Ttru_924bp.fasta",219
"Extended_Pcra_MMP20_Exon2_Ttru_924bp.fasta",223
"Extended_Pcra_MMP20_Exon2_Ttru_924bp.fasta",224
"Extended_Pcra_MMP20_Exon2_Ttru_924bp.fasta",230
"Extended_Pcra_MMP20_Exon2_Ttru_924bp.fasta",231
"Extended_Pcra_MMP20_Exon2_Ttru_924bp.fasta",245
"Extended_Pcra_MMP20_Exon2_Ttru_924bp.fasta",249
"Extended_Pcra_MMP20_Exon2_Ttru_924bp.fasta",250
"Extended_Pcra_MMP20_Exon2_Ttru_924bp.fasta",251
"Extended_Pcra_MMP20_Exon2_Ttru_924bp.fasta",252
"Extended_Pcra_MMP20_Exon2_Ttru_924bp.fasta",253
"Extended_Pcra_MMP20_Exon2_Ttru_924bp.fasta",255
"Extended_Pcra_MMP20_Exon2_Ttru_924bp.fasta",257
"Extended_Pcra_MMP20_Exon2_Ttru_924bp.fasta",258
"Extended_Pcra_MMP20_Exon2_Ttru_924bp.fasta",259
"Extended_Pcra_MMP20_Exon2_Ttru_924bp.fasta",260
"Extended_Pcra_MMP20_Exon2_Ttru_924bp.fasta",262
"Extended_Pcra_MMP20_Exon2_Ttru_924bp.fasta",263
"Extended_Pcra_MMP20_Exon2_Ttru_924bp.fasta",273
"Extended_Pcra_MMP20_Exon2_Ttru_924bp.fasta",274
"Extended_Pcra_MMP20_Exon2_Ttru_924bp.fasta",275
"Extended_Pcra_MMP20_Exon2_Ttru_924bp.fasta",278
"Extended_Pcra_MMP20_Exon2_Ttru_924bp.fasta",284
"Extended_Pcra_MMP20_Exon2_Ttru_924bp.fasta",285
"Extended_Pcra_MMP20_Exon2_Ttru_924bp.fasta",287
"Extended_Pcra_MMP20_Exon2_Ttru_924bp.fasta",288
"Extended_Pcra_MYH4.fasta",649
"Extended_Pcra_MYH4.fasta",654
"Extended_Pcra_MYH4.fasta",655
"Extended_Pcra_MYH4.fasta",660
"Extended_Pcra_MYH4.fasta",661
"Extended_Pcra_MYH4.fasta",664
"Extended_Pcra_MYH4.fasta",667
"Extended_Pcra_MYH4.fasta",668
"Extended_Pcra_MYH4.fasta",674
"Extended_Pcra_MYH4.fasta",679
"Extended_Pcra_MYH4.fasta",681
"Extended_Pcra_MYH4.fasta",687
"Extended_Pcra_MYH4.fasta",688
"Extended_Pcra_MYH4.fasta",689
"Extended_Pcra_MYH4.fasta",694
"Extended_Pcra_MYH4.fasta",695
"Extended_Pcra_MYH4.fasta",699
"Extended_Pcra_MYH4.fasta",700
"Extended_Pcra_MYH4.fasta",707
"Extended_Pcra_MYH4.fasta",713
"Extended_Pcra_MYH4.fasta",715
"Extended_Pcra_MYH4.fasta",717
"Extended_Pcra_MYH4.fasta",718
"Extended_Pcra_MYH4.fasta",719
"Extended_Pcra_MYH4.fasta",720
"Extended_Pcra_MYH4.fasta",726
"Extended_Pcra_MYH4.fasta",735
"Extended_Pcra_MYH4.fasta",743
"Extended_Pcra_MYH4.fasta",747
"Extended_Pcra_MYH4.fasta",748
"Extended_Pcra_MYH4.fasta",752
"Extended_Pcra_MYH4.fasta",758
"Extended_Pcra_MYH4.fasta",759
"Extended_Pcra_MYH4.fasta",767
"Extended_Pcra_MYH4.fasta",773
"Extended_Pcra_MYH4.fasta",778
"Extended_Pcra_MYH4.fasta",779
"Extended_Pcra_MYH4.fasta",783
"Extended_Pcra_MYH4.fasta",784
"Extended_Pcra_MYH4.fasta",794
"Extended_Pcra_MYH4.fasta",797
"Extended_Pcra_MYH4.fasta",800
"Extended_Pcra_MYH4.fasta",801
"Extended_Pcra_MYH4.fasta",807
"Extended_Pcra_MYH4.fasta",811
"Extended_Pcra_MYH4.fasta",812
"Extended_Pcra_MYH4.fasta",813
"Extended_Pcra_MYH4.fasta",816
"Extended_Pcra_MYH4.fasta",817
"Extended_Pcra_TPI1.fasta",807
"Extended_Pcra_TPI1.fasta",810
"Extended_Pcra_TPI1.fasta",814
"Extended_Pcra_TPI1.fasta",815
"Extended_Pcra_TPI1.fasta",817
"Extended_Pcra_TPI1.fasta",820
"Extended_Pcra_TPI1.fasta",821
"Extended_Pcra_TPI1.fasta",839
"Extended_Pcra_TPI1.fasta",840
"Extended_Pcra_TPI1.fasta",841
"Extended_Pcra_TPI1.fasta",843
"Extended_Pcra_TPI1.fasta",844
"Extended_Pcra_TPI1.fasta",845
"Extended_Pcra_TPI1.fasta",846
"Extended_Pcra_TPI1.fasta",848
